frontmarg,inferiorocc,paracentral,subcentral,frontopolar,antcingulate,midantcingulate,midpostcingulate,postdorscingulate,postventcingulate,cuneus,opercinffront,orbinffront,trianginffront,midfront,supfront,inscentsulc,shortinsula,midocc,supocc,latocctemp,lingual,parahippo,orbital,angular,supramarg,suppar,postcentral,precentral,precuneus,rectus,subcallosal,anttranstemp,latsuptemp,planumpolare,planumtemp,inftemp,midtemp,antlatsulcus,verticalramus,postramus,occipitalpole,temppole,calcarinesulcus,centralsulcus,margcingsulcus,antcircsulcus,infcircsulcus,supcircsulcus,anttranscoll,posttranscoll,inffrontsulc,midfrontsulc,supfrontsulc,intermediusprimus,intratranspar,middocclunatus,supocctrans,antoccprenotch,latocctemp,medocctempling,latorbsulc,medorbsulc,orbsulc,paroccsulc,pericallosal,postcentsulc,infprecent,supprecent,suborbital,subparietal,inftemp,suptemp,transtemp
